TIMESTAMP (us)       , DELTA (us)          , TID      , CURR CPU , CURR GRP, LAST CPU , LAST GRP, TYPE                     , DESCRIPTION    
0                    ,                     , 1        , 11       , 2       ,          ,         , BEGIN                    ,                
879                  , 879                 , 1        , 21       , 1       , 21       , 1       , CREATE                   ,                
906                  , 26                  , 1        , 21       , 1       , 21       , 1       , RESTART ON SAME CPU      ,                
929                  , 22                  , 1        , 21       , 1       , 21       , 1       , PREEMPTED                ,                
978                  , 49                  , 1        , 21       , 1       , 21       , 1       , RESTART ON SAME CPU      ,                
1450                 , 471                 , 1        , 21       , 1       , 21       , 1       , PREEMPTED                ,                
Threads: 32 Range: 262144
Time: 178767 usecs
9778                 , 1741                , 30       , 0        , 1       , 15       , 2       , CPU MIGRATION            ,                
9785                 , 7                   , 30       , 0        , 1       , 0        , 1       , RESTART ON SAME CPU      ,                
42486                , 32701               , 30       , 0        , 1       , 0        , 1       , PREEMPTED                ,                
42536                , 49                  , 30       , 0        , 1       , 0        , 1       , RESTART ON SAME CPU      ,                
82486                , 39950               , 30       , 0        , 1       , 0        , 1       , PREEMPTED                ,                
82504                , 17                  , 30       , 0        , 1       , 0        , 1       , RESTART ON SAME CPU      ,                
162483               , 79978               , 30       , 0        , 1       , 0        , 1       , PREEMPTED                ,                
162500               , 16                  , 30       , 0        , 1       , 0        , 1       , RESTART ON SAME CPU      ,                
184408               , 21908               , 30       , 0        , 1       , 0        , 1       , SLEEPING ON              , cond var       
184417               , 8                   , 30       , 0        , 1       , 0        , 1       , PREEMPTED                ,                
188055               , 3068                , 25       , 0        , 1       , 21       , 1       , CPU MIGRATION            ,                
188062               , 7                   , 25       , 0        , 1       , 0        , 1       , RESTART ON SAME CPU      ,                
188264               , 202                 , 25       , 0        , 1       , 0        , 1       , EXIT                     ,                
9215                 , 1921                , 21       , 1        , 1       , 20       , 1       , CPU MIGRATION            ,                
9221                 , 5                   , 21       , 1        , 1       , 1        , 1       , RESTART ON SAME CPU      ,                
184422               , 175201              , 21       , 1        , 1       , 1        , 1       , SLEEPING ON              , cond var       
184433               , 11                  , 21       , 1        , 1       , 1        , 1       , PREEMPTED                ,                
184590               , 156                 , 21       , 1        , 1       , 1        , 1       , RESTART ON SAME CPU      ,                
184637               , 46                  , 21       , 1        , 1       , 1        , 1       , SLEEPING ON              , cond var       
184645               , 8                   , 21       , 1        , 1       , 1        , 1       , PREEMPTED                ,                
185530               , 884                 , 21       , 1        , 1       , 1        , 1       , RESTART ON SAME CPU      ,                
185574               , 43                  , 21       , 1        , 1       , 1        , 1       , SLEEPING ON              , cond var       
185582               , 7                   , 21       , 1        , 1       , 1        , 1       , PREEMPTED                ,                
188033               , 2451                , 21       , 1        , 1       , 1        , 1       , RESTART ON SAME CPU      ,                
188292               , 258                 , 21       , 1        , 1       , 1        , 1       , EXIT                     ,                
9397                 , 1546                , 24       , 2        , 1       , 27       , 2       , CPU MIGRATION            ,                
9403                 , 5                   , 24       , 2        , 1       , 2        , 1       , RESTART ON SAME CPU      ,                
63445                , 54042               , 24       , 2        , 1       , 2        , 1       , PREEMPTED                ,                
63551                , 12                  , 27       , 2        , 1       , 18       , 1       , CPU MIGRATION            ,                
63557                , 6                   , 27       , 2        , 1       , 2        , 1       , RESTART ON SAME CPU      ,                
63598                , 40                  , 27       , 2        , 1       , 2        , 1       , PREEMPTED                ,                
63656                , 211                 , 24       , 2        , 1       , 2        , 1       , RESTART ON SAME CPU      ,                
154306               , 90649               , 24       , 2        , 1       , 2        , 1       , PREEMPTED                ,                
157932               , 3625                , 24       , 2        , 1       , 2        , 1       , RESTART ON SAME CPU      ,                
178810               , 20878               , 24       , 2        , 1       , 2        , 1       , PREEMPTED                ,                
178861               , 9                   , 27       , 2        , 1       , 18       , 1       , CPU MIGRATION            ,                
178867               , 6                   , 27       , 2        , 1       , 2        , 1       , RESTART ON SAME CPU      ,                
178885               , 17                  , 27       , 2        , 1       , 2        , 1       , PREEMPTED                ,                
178931               , 121                 , 24       , 2        , 1       , 2        , 1       , RESTART ON SAME CPU      ,                
184433               , 5502                , 24       , 2        , 1       , 2        , 1       , SLEEPING ON              , cond var       
184439               , 5                   , 24       , 2        , 1       , 2        , 1       , PREEMPTED                ,                
185268               , 777                 , 31       , 2        , 1       , 18       , 1       , CPU MIGRATION            ,                
185275               , 6                   , 31       , 2        , 1       , 2        , 1       , RESTART ON SAME CPU      ,                
185291               , 16                  , 31       , 2        , 1       , 2        , 1       , SLEEPING ON              , cond var       
185310               , 18                  , 31       , 2        , 1       , 2        , 1       , PREEMPTED                ,                
188062               , 3121                , 27       , 2        , 1       , 18       , 1       , CPU MIGRATION            ,                
188069               , 7                   , 27       , 2        , 1       , 2        , 1       , RESTART ON SAME CPU      ,                
188162               , 92                  , 27       , 2        , 1       , 2        , 1       , EXIT                     ,                
7948                 , 7948                , 29       , 3        , 1       , 3        , 1       , CREATE                   ,                
7952                 , 4                   , 29       , 3        , 1       , 3        , 1       , RESTART ON SAME CPU      ,                
7965                 , 12                  , 29       , 3        , 1       , 3        , 1       , SLEEPING ON              , cond var       
7982                 , 16                  , 29       , 3        , 1       , 3        , 1       , PREEMPTED                ,                
8049                 , 8049                , 31       , 3        , 1       , 3        , 1       , CREATE                   ,                
8060                 , 10                  , 31       , 3        , 1       , 3        , 1       , RESTART ON SAME CPU      ,                
8092                 , 31                  , 31       , 3        , 1       , 3        , 1       , SLEEPING ON              , cond var       
8098                 , 6                   , 31       , 3        , 1       , 3        , 1       , PREEMPTED                ,                
9138                 , 1883                , 19       , 3        , 1       , 20       , 1       , CPU MIGRATION            ,                
9145                 , 6                   , 19       , 3        , 1       , 3        , 1       , RESTART ON SAME CPU      ,                
184400               , 175255              , 19       , 3        , 1       , 3        , 1       , SLEEPING ON              , cond var       
184411               , 11                  , 19       , 3        , 1       , 3        , 1       , PREEMPTED                ,                
188110               , 20                  , 1        , 3        , 1       , 18       , 1       , CPU MIGRATION            ,                
188117               , 6                   , 1        , 3        , 1       , 3        , 1       , RESTART ON SAME CPU      ,                
188128               , 11                  , 1        , 3        , 1       , 3        , 1       , SLEEPING ON              , cond var       
188137               , 8                   , 1        , 3        , 1       , 3        , 1       , PREEMPTED                ,                
188158               , 20                  , 1        , 3        , 1       , 3        , 1       , RESTART ON SAME CPU      ,                
188172               , 13                  , 1        , 3        , 1       , 3        , 1       , SLEEPING ON              , cond var       
188178               , 6                   , 1        , 3        , 1       , 3        , 1       , PREEMPTED                ,                
188188               , 9                   , 1        , 3        , 1       , 3        , 1       , RESTART ON SAME CPU      ,                
188200               , 12                  , 1        , 3        , 1       , 3        , 1       , SLEEPING ON              , cond var       
188208               , 7                   , 1        , 3        , 1       , 3        , 1       , PREEMPTED                ,                
188221               , 13                  , 1        , 3        , 1       , 3        , 1       , RESTART ON SAME CPU      ,                
188229               , 8                   , 1        , 3        , 1       , 3        , 1       , SLEEPING ON              , cond var       
188237               , 7                   , 1        , 3        , 1       , 3        , 1       , PREEMPTED                ,                
188261               , 23                  , 1        , 3        , 1       , 3        , 1       , RESTART ON SAME CPU      ,                
188271               , 10                  , 1        , 3        , 1       , 3        , 1       , SLEEPING ON              , cond var       
188277               , 5                   , 1        , 3        , 1       , 3        , 1       , PREEMPTED                ,                
188304               , 27                  , 1        , 3        , 1       , 3        , 1       , RESTART ON SAME CPU      ,                
188311               , 6                   , 1        , 3        , 1       , 3        , 1       , SLEEPING ON              , cond var       
188316               , 5                   , 1        , 3        , 1       , 3        , 1       , PREEMPTED                ,                
188336               , 19                  , 1        , 3        , 1       , 3        , 1       , RESTART ON SAME CPU      ,                
188351               , 15                  , 1        , 3        , 1       , 3        , 1       , SLEEPING ON              , cond var       
188357               , 5                   , 1        , 3        , 1       , 3        , 1       , PREEMPTED                ,                
188372               , 15                  , 1        , 3        , 1       , 3        , 1       , RESTART ON SAME CPU      ,                
188378               , 6                   , 1        , 3        , 1       , 3        , 1       , SLEEPING ON              , cond var       
188384               , 5                   , 1        , 3        , 1       , 3        , 1       , PREEMPTED                ,                
188394               , 9                   , 1        , 3        , 1       , 3        , 1       , RESTART ON SAME CPU      ,                
188406               , 12                  , 1        , 3        , 1       , 3        , 1       , SLEEPING ON              , cond var       
188412               , 5                   , 1        , 3        , 1       , 3        , 1       , PREEMPTED                ,                
188421               , 8                   , 1        , 3        , 1       , 3        , 1       , RESTART ON SAME CPU      ,                
188428               , 6                   , 1        , 3        , 1       , 3        , 1       , SLEEPING ON              , cond var       
7845                 , 29                  , 1        , 4        , 1       , 20       , 1       , CPU MIGRATION            ,                
7858                 , 12                  , 1        , 4        , 1       , 4        , 1       , RESTART ON SAME CPU      ,                
8113                 , 254                 , 1        , 4        , 1       , 4        , 1       , SLEEPING ON              , cond var       
8129                 , 15                  , 1        , 4        , 1       , 4        , 1       , PREEMPTED                ,                
8367                 , 1377                , 7        , 4        , 1       , 20       , 1       , CPU MIGRATION            ,                
8382                 , 15                  , 7        , 4        , 1       , 4        , 1       , RESTART ON SAME CPU      ,                
172456               , 164073              , 7        , 4        , 1       , 4        , 1       , PREEMPTED                ,                
172472               , 16                  , 7        , 4        , 1       , 4        , 1       , RESTART ON SAME CPU      ,                
184444               , 11971               , 7        , 4        , 1       , 4        , 1       , SLEEPING ON              , cond var       
184456               , 11                  , 7        , 4        , 1       , 4        , 1       , PREEMPTED                ,                
188063               , 2398                , 29       , 4        , 1       , 16       , 1       , CPU MIGRATION            ,                
188070               , 6                   , 29       , 4        , 1       , 4        , 1       , RESTART ON SAME CPU      ,                
188383               , 313                 , 29       , 4        , 1       , 4        , 1       , EXIT                     ,                
8473                 , 1441                , 9        , 5        , 1       , 20       , 1       , CPU MIGRATION            ,                
8486                 , 13                  , 9        , 5        , 1       , 5        , 1       , RESTART ON SAME CPU      ,                
62457                , 53970               , 9        , 5        , 1       , 5        , 1       , PREEMPTED                ,                
62474                , 17                  , 9        , 5        , 1       , 5        , 1       , RESTART ON SAME CPU      ,                
184451               , 121976              , 9        , 5        , 1       , 5        , 1       , SLEEPING ON              , cond var       
184460               , 9                   , 9        , 5        , 1       , 5        , 1       , PREEMPTED                ,                
185196               , 736                 , 9        , 5        , 1       , 5        , 1       , RESTART ON SAME CPU      ,                
185208               , 11                  , 9        , 5        , 1       , 5        , 1       , SLEEPING ON              , cond var       
185216               , 7                   , 9        , 5        , 1       , 5        , 1       , PREEMPTED                ,                
187995               , 2779                , 9        , 5        , 1       , 5        , 1       , RESTART ON SAME CPU      ,                
188302               , 306                 , 9        , 5        , 1       , 5        , 1       , EXIT                     ,                
9089                 , 1889                , 17       , 6        , 1       , 20       , 1       , CPU MIGRATION            ,                
9095                 , 5                   , 17       , 6        , 1       , 6        , 1       , RESTART ON SAME CPU      ,                
62457                , 53362               , 17       , 6        , 1       , 6        , 1       , PREEMPTED                ,                
62473                , 15                  , 17       , 6        , 1       , 6        , 1       , RESTART ON SAME CPU      ,                
112453               , 49980               , 17       , 6        , 1       , 6        , 1       , PREEMPTED                ,                
112466               , 13                  , 17       , 6        , 1       , 6        , 1       , RESTART ON SAME CPU      ,                
162452               , 49985               , 17       , 6        , 1       , 6        , 1       , PREEMPTED                ,                
162465               , 13                  , 17       , 6        , 1       , 6        , 1       , RESTART ON SAME CPU      ,                
184394               , 21928               , 17       , 6        , 1       , 6        , 1       , SLEEPING ON              , cond var       
184403               , 9                   , 17       , 6        , 1       , 6        , 1       , PREEMPTED                ,                
184787               , 384                 , 17       , 6        , 1       , 6        , 1       , RESTART ON SAME CPU      ,                
184802               , 14                  , 17       , 6        , 1       , 6        , 1       , SLEEPING ON              , cond var       
184808               , 5                   , 17       , 6        , 1       , 6        , 1       , PREEMPTED                ,                
188017               , 3208                , 17       , 6        , 1       , 6        , 1       , RESTART ON SAME CPU      ,                
8948                 , 1836                , 13       , 7        , 1       , 20       , 1       , CPU MIGRATION            ,                
8954                 , 5                   , 13       , 7        , 1       , 7        , 1       , RESTART ON SAME CPU      ,                
184419               , 175464              , 13       , 7        , 1       , 7        , 1       , SLEEPING ON              , cond var       
184431               , 12                  , 13       , 7        , 1       , 7        , 1       , PREEMPTED                ,                
185099               , 667                 , 13       , 7        , 1       , 7        , 1       , RESTART ON SAME CPU      ,                
185133               , 34                  , 13       , 7        , 1       , 7        , 1       , SLEEPING ON              , cond var       
185142               , 8                   , 13       , 7        , 1       , 7        , 1       , PREEMPTED                ,                
188003               , 2860                , 13       , 7        , 1       , 7        , 1       , RESTART ON SAME CPU      ,                
188119               , 115                 , 13       , 7        , 1       , 7        , 1       , EXIT                     ,                
9426                 , 1554                , 28       , 8        , 2       , 25       , 2       , CPU MIGRATION            ,                
9432                 , 6                   , 28       , 8        , 2       , 8        , 2       , RESTART ON SAME CPU      ,                
184424               , 174992              , 28       , 8        , 2       , 8        , 2       , SLEEPING ON              , cond var       
184433               , 8                   , 28       , 8        , 2       , 8        , 2       , PREEMPTED                ,                
184528               , 94                  , 28       , 8        , 2       , 8        , 2       , RESTART ON SAME CPU      ,                
184545               , 17                  , 28       , 8        , 2       , 8        , 2       , SLEEPING ON              , cond var       
184551               , 5                   , 28       , 8        , 2       , 8        , 2       , PREEMPTED                ,                
185457               , 905                 , 28       , 8        , 2       , 8        , 2       , RESTART ON SAME CPU      ,                
185494               , 36                  , 28       , 8        , 2       , 8        , 2       , SLEEPING ON              , cond var       
185509               , 15                  , 28       , 8        , 2       , 8        , 2       , PREEMPTED                ,                
188018               , 2640                , 18       , 8        , 2       , 24       , 2       , CPU MIGRATION            ,                
188032               , 14                  , 18       , 8        , 2       , 8        , 2       , RESTART ON SAME CPU      ,                
188333               , 300                 , 18       , 8        , 2       , 8        , 2       , EXIT                     ,                
7041                 , 7041                , 10       , 9        , 2       , 9        , 2       , CREATE                   ,                
7045                 , 4                   , 10       , 9        , 2       , 9        , 2       , RESTART ON SAME CPU      ,                
7059                 , 14                  , 10       , 9        , 2       , 9        , 2       , SLEEPING ON              , cond var       
7068                 , 8                   , 10       , 9        , 2       , 9        , 2       , PREEMPTED                ,                
8740                 , 1671                , 10       , 9        , 2       , 9        , 2       , RESTART ON SAME CPU      ,                
154303               , 145563              , 10       , 9        , 2       , 9        , 2       , PREEMPTED                ,                
154618               , 315                 , 10       , 9        , 2       , 9        , 2       , RESTART ON SAME CPU      ,                
184432               , 29813               , 10       , 9        , 2       , 9        , 2       , SLEEPING ON              , cond var       
184443               , 11                  , 10       , 9        , 2       , 9        , 2       , PREEMPTED                ,                
184457               , 14                  , 10       , 9        , 2       , 9        , 2       , RESTART ON SAME CPU      ,                
184472               , 15                  , 10       , 9        , 2       , 9        , 2       , SLEEPING ON              , cond var       
184480               , 7                   , 10       , 9        , 2       , 9        , 2       , PREEMPTED                ,                
184496               , 56                  , 24       , 9        , 2       , 2        , 1       , CPU MIGRATION            ,                
184501               , 5                   , 24       , 9        , 2       , 9        , 2       , RESTART ON SAME CPU      ,                
184519               , 17                  , 24       , 9        , 2       , 9        , 2       , SLEEPING ON              , cond var       
184526               , 7                   , 24       , 9        , 2       , 9        , 2       , PREEMPTED                ,                
185053               , 636                 , 30       , 9        , 2       , 0        , 1       , CPU MIGRATION            ,                
185059               , 5                   , 30       , 9        , 2       , 9        , 2       , RESTART ON SAME CPU      ,                
185071               , 11                  , 30       , 9        , 2       , 9        , 2       , SLEEPING ON              , cond var       
185077               , 6                   , 30       , 9        , 2       , 9        , 2       , PREEMPTED                ,                
185253               , 773                 , 10       , 9        , 2       , 9        , 2       , RESTART ON SAME CPU      ,                
185263               , 10                  , 10       , 9        , 2       , 9        , 2       , SLEEPING ON              , cond var       
185271               , 7                   , 10       , 9        , 2       , 9        , 2       , PREEMPTED                ,                
185383               , 857                 , 24       , 9        , 2       , 9        , 2       , RESTART ON SAME CPU      ,                
185394               , 10                  , 24       , 9        , 2       , 9        , 2       , SLEEPING ON              , cond var       
185398               , 4                   , 24       , 9        , 2       , 9        , 2       , PREEMPTED                ,                
187992               , 2720                , 10       , 9        , 2       , 9        , 2       , RESTART ON SAME CPU      ,                
9904                 , 1806                , 31       , 10       , 2       , 3        , 1       , CPU MIGRATION            ,                
9910                 , 6                   , 31       , 10       , 2       , 10       , 2       , RESTART ON SAME CPU      ,                
184440               , 174529              , 31       , 10       , 2       , 10       , 2       , SLEEPING ON              , cond var       
184449               , 8                   , 31       , 10       , 2       , 10       , 2       , PREEMPTED                ,                
188019               , 2960                , 16       , 10       , 2       , 11       , 2       , CPU MIGRATION            ,                
188034               , 15                  , 16       , 10       , 2       , 10       , 2       , RESTART ON SAME CPU      ,                
7161                 , 7161                , 16       , 11       , 2       , 11       , 2       , CREATE                   ,                
7165                 , 3                   , 16       , 11       , 2       , 11       , 2       , RESTART ON SAME CPU      ,                
7178                 , 12                  , 16       , 11       , 2       , 11       , 2       , SLEEPING ON              , cond var       
7183                 , 5                   , 16       , 11       , 2       , 11       , 2       , PREEMPTED                ,                
9068                 , 1885                , 16       , 11       , 2       , 11       , 2       , RESTART ON SAME CPU      ,                
12464                , 3395                , 16       , 11       , 2       , 11       , 2       , PREEMPTED                ,                
12478                , 14                  , 16       , 11       , 2       , 11       , 2       , RESTART ON SAME CPU      ,                
52458                , 39979               , 16       , 11       , 2       , 11       , 2       , PREEMPTED                ,                
52474                , 16                  , 16       , 11       , 2       , 11       , 2       , RESTART ON SAME CPU      ,                
184404               , 131930              , 16       , 11       , 2       , 11       , 2       , SLEEPING ON              , cond var       
184412               , 8                   , 16       , 11       , 2       , 11       , 2       , PREEMPTED                ,                
185038               , 625                 , 16       , 11       , 2       , 11       , 2       , RESTART ON SAME CPU      ,                
185050               , 12                  , 16       , 11       , 2       , 11       , 2       , SLEEPING ON              , cond var       
185058               , 8                   , 16       , 11       , 2       , 11       , 2       , PREEMPTED                ,                
188087               , 3196                , 32       , 11       , 2       , 13       , 2       , CPU MIGRATION            ,                
188094               , 6                   , 32       , 11       , 2       , 11       , 2       , RESTART ON SAME CPU      ,                
188139               , 44                  , 32       , 11       , 2       , 11       , 2       , EXIT                     ,                
9653                 , 1671                , 29       , 12       , 2       , 3        , 1       , CPU MIGRATION            ,                
9659                 , 6                   , 29       , 12       , 2       , 12       , 2       , RESTART ON SAME CPU      ,                
184418               , 174759              , 29       , 12       , 2       , 12       , 2       , SLEEPING ON              , cond var       
184429               , 11                  , 29       , 12       , 2       , 12       , 2       , PREEMPTED                ,                
188124               , 3047                , 30       , 12       , 2       , 9        , 2       , CPU MIGRATION            ,                
188130               , 6                   , 30       , 12       , 2       , 12       , 2       , RESTART ON SAME CPU      ,                
188153               , 22                  , 30       , 12       , 2       , 12       , 2       , EXIT                     ,                
7007                 , 7007                , 6        , 13       , 2       , 13       , 2       , CREATE                   ,                
7013                 , 6                   , 6        , 13       , 2       , 13       , 2       , RESTART ON SAME CPU      ,                
7031                 , 17                  , 6        , 13       , 2       , 13       , 2       , SLEEPING ON              , cond var       
7038                 , 7                   , 6        , 13       , 2       , 13       , 2       , PREEMPTED                ,                
7300                 , 7300                , 22       , 13       , 2       , 13       , 2       , CREATE                   ,                
7305                 , 5                   , 22       , 13       , 2       , 13       , 2       , RESTART ON SAME CPU      ,                
7331                 , 25                  , 22       , 13       , 2       , 13       , 2       , SLEEPING ON              , cond var       
7336                 , 5                   , 22       , 13       , 2       , 13       , 2       , PREEMPTED                ,                
8674                 , 1636                , 6        , 13       , 2       , 13       , 2       , RESTART ON SAME CPU      ,                
62491                , 53816               , 6        , 13       , 2       , 13       , 2       , PREEMPTED                ,                
62511                , 19                  , 6        , 13       , 2       , 13       , 2       , RESTART ON SAME CPU      ,                
184453               , 121942              , 6        , 13       , 2       , 13       , 2       , SLEEPING ON              , cond var       
184463               , 9                   , 6        , 13       , 2       , 13       , 2       , PREEMPTED                ,                
184522               , 6                   , 22       , 13       , 2       , 28       , 2       , CPU MIGRATION            ,                
184528               , 5                   , 22       , 13       , 2       , 13       , 2       , RESTART ON SAME CPU      ,                
184536               , 7                   , 22       , 13       , 2       , 13       , 2       , SLEEPING ON              , cond var       
184543               , 7                   , 22       , 13       , 2       , 13       , 2       , PREEMPTED                ,                
184868               , 457                 , 32       , 13       , 2       , 30       , 2       , CPU MIGRATION            ,                
184874               , 5                   , 32       , 13       , 2       , 13       , 2       , RESTART ON SAME CPU      ,                
184885               , 11                  , 32       , 13       , 2       , 13       , 2       , SLEEPING ON              , cond var       
184890               , 5                   , 32       , 13       , 2       , 13       , 2       , PREEMPTED                ,                
185210               , 747                 , 6        , 13       , 2       , 13       , 2       , RESTART ON SAME CPU      ,                
185221               , 11                  , 6        , 13       , 2       , 13       , 2       , SLEEPING ON              , cond var       
185228               , 6                   , 6        , 13       , 2       , 13       , 2       , PREEMPTED                ,                
187980               , 2752                , 6        , 13       , 2       , 13       , 2       , RESTART ON SAME CPU      ,                
188417               , 436                 , 6        , 13       , 2       , 13       , 2       , EXIT                     ,                
8888                 , 1781                , 12       , 14       , 2       , 15       , 2       , CPU MIGRATION            ,                
8894                 , 5                   , 12       , 14       , 2       , 14       , 2       , RESTART ON SAME CPU      ,                
184398               , 175503              , 12       , 14       , 2       , 14       , 2       , SLEEPING ON              , cond var       
184411               , 13                  , 12       , 14       , 2       , 14       , 2       , PREEMPTED                ,                
184457               , 6                   , 20       , 14       , 2       , 15       , 2       , CPU MIGRATION            ,                
184462               , 5                   , 20       , 14       , 2       , 14       , 2       , RESTART ON SAME CPU      ,                
184471               , 9                   , 20       , 14       , 2       , 14       , 2       , SLEEPING ON              , cond var       
184481               , 9                   , 20       , 14       , 2       , 14       , 2       , PREEMPTED                ,                
184492               , 10                  , 20       , 14       , 2       , 14       , 2       , RESTART ON SAME CPU      ,                
184506               , 14                  , 20       , 14       , 2       , 14       , 2       , SLEEPING ON              , cond var       
184513               , 6                   , 20       , 14       , 2       , 14       , 2       , PREEMPTED                ,                
184823               , 412                 , 12       , 14       , 2       , 14       , 2       , RESTART ON SAME CPU      ,                
184869               , 45                  , 12       , 14       , 2       , 14       , 2       , SLEEPING ON              , cond var       
184878               , 8                   , 12       , 14       , 2       , 14       , 2       , PREEMPTED                ,                
185372               , 858                 , 20       , 14       , 2       , 14       , 2       , RESTART ON SAME CPU      ,                
185382               , 10                  , 20       , 14       , 2       , 14       , 2       , SLEEPING ON              , cond var       
185390               , 7                   , 20       , 14       , 2       , 14       , 2       , PREEMPTED                ,                
187999               , 3121                , 12       , 14       , 2       , 14       , 2       , RESTART ON SAME CPU      ,                
7082                 , 7082                , 12       , 15       , 2       , 15       , 2       , CREATE                   ,                
7086                 , 4                   , 12       , 15       , 2       , 15       , 2       , RESTART ON SAME CPU      ,                
7099                 , 13                  , 12       , 15       , 2       , 15       , 2       , SLEEPING ON              , cond var       
7107                 , 8                   , 12       , 15       , 2       , 15       , 2       , PREEMPTED                ,                
7999                 , 7999                , 30       , 15       , 2       , 15       , 2       , CREATE                   ,                
8004                 , 4                   , 30       , 15       , 2       , 15       , 2       , RESTART ON SAME CPU      ,                
8028                 , 24                  , 30       , 15       , 2       , 15       , 2       , SLEEPING ON              , cond var       
8036                 , 8                   , 30       , 15       , 2       , 15       , 2       , PREEMPTED                ,                
9165                 , 1881                , 20       , 15       , 2       , 31       , 2       , CPU MIGRATION            ,                
9171                 , 6                   , 20       , 15       , 2       , 15       , 2       , RESTART ON SAME CPU      ,                
122457               , 113285              , 20       , 15       , 2       , 15       , 2       , PREEMPTED                ,                
122475               , 17                  , 20       , 15       , 2       , 15       , 2       , RESTART ON SAME CPU      ,                
132458               , 9983                , 20       , 15       , 2       , 15       , 2       , PREEMPTED                ,                
132473               , 14                  , 20       , 15       , 2       , 15       , 2       , RESTART ON SAME CPU      ,                
154616               , 22143               , 20       , 15       , 2       , 15       , 2       , PREEMPTED                ,                
154661               , 44                  , 20       , 15       , 2       , 15       , 2       , RESTART ON SAME CPU      ,                
184438               , 29776               , 20       , 15       , 2       , 15       , 2       , SLEEPING ON              , cond var       
184450               , 12                  , 20       , 15       , 2       , 15       , 2       , PREEMPTED                ,                
184465               , 9                   , 22       , 15       , 2       , 29       , 2       , CPU MIGRATION            ,                
184470               , 5                   , 22       , 15       , 2       , 15       , 2       , RESTART ON SAME CPU      ,                
184480               , 10                  , 22       , 15       , 2       , 15       , 2       , SLEEPING ON              , cond var       
184489               , 8                   , 22       , 15       , 2       , 15       , 2       , PREEMPTED                ,                
188083               , 2573                , 28       , 15       , 2       , 8        , 2       , CPU MIGRATION            ,                
188089               , 5                   , 28       , 15       , 2       , 15       , 2       , RESTART ON SAME CPU      ,                
188205               , 116                 , 28       , 15       , 2       , 15       , 2       , EXIT                     ,                
8810                 , 1736                , 11       , 16       , 1       , 20       , 1       , CPU MIGRATION            ,                
8823                 , 13                  , 11       , 16       , 1       , 16       , 1       , RESTART ON SAME CPU      ,                
184397               , 175574              , 11       , 16       , 1       , 16       , 1       , SLEEPING ON              , cond var       
184408               , 11                  , 11       , 16       , 1       , 16       , 1       , PREEMPTED                ,                
184710               , 280                 , 29       , 16       , 1       , 12       , 2       , CPU MIGRATION            ,                
184722               , 12                  , 29       , 16       , 1       , 16       , 1       , RESTART ON SAME CPU      ,                
184770               , 47                  , 29       , 16       , 1       , 16       , 1       , SLEEPING ON              , cond var       
184778               , 8                   , 29       , 16       , 1       , 16       , 1       , PREEMPTED                ,                
184800               , 391                 , 11       , 16       , 1       , 16       , 1       , RESTART ON SAME CPU      ,                
184812               , 11                  , 11       , 16       , 1       , 16       , 1       , SLEEPING ON              , cond var       
184819               , 7                   , 11       , 16       , 1       , 16       , 1       , PREEMPTED                ,                
185606               , 827                 , 29       , 16       , 1       , 16       , 1       , RESTART ON SAME CPU      ,                
185648               , 42                  , 29       , 16       , 1       , 16       , 1       , SLEEPING ON              , cond var       
185665               , 16                  , 29       , 16       , 1       , 16       , 1       , PREEMPTED                ,                
187998               , 3179                , 11       , 16       , 1       , 16       , 1       , RESTART ON SAME CPU      ,                
188087               , 88                  , 11       , 16       , 1       , 16       , 1       , EXIT                     ,                
9272                 , 1925                , 23       , 17       , 1       , 20       , 1       , CPU MIGRATION            ,                
9278                 , 6                   , 23       , 17       , 1       , 17       , 1       , RESTART ON SAME CPU      ,                
184457               , 175178              , 23       , 17       , 1       , 17       , 1       , SLEEPING ON              , cond var       
184465               , 7                   , 23       , 17       , 1       , 17       , 1       , PREEMPTED                ,                
185225               , 760                 , 23       , 17       , 1       , 17       , 1       , RESTART ON SAME CPU      ,                
185237               , 11                  , 23       , 17       , 1       , 17       , 1       , SLEEPING ON              , cond var       
185245               , 8                   , 23       , 17       , 1       , 17       , 1       , PREEMPTED                ,                
188054               , 2809                , 23       , 17       , 1       , 17       , 1       , RESTART ON SAME CPU      ,                
9454                 , 1531                , 27       , 18       , 1       , 19       , 1       , CPU MIGRATION            ,                
9460                 , 6                   , 27       , 18       , 1       , 18       , 1       , RESTART ON SAME CPU      ,                
32512                , 23051               , 27       , 18       , 1       , 18       , 1       , PREEMPTED                ,                
32529                , 17                  , 27       , 18       , 1       , 18       , 1       , RESTART ON SAME CPU      ,                
63538                , 31008               , 27       , 18       , 1       , 18       , 1       , PREEMPTED                ,                
63611                , 13                  , 27       , 18       , 1       , 2        , 1       , CPU MIGRATION            ,                
63617                , 6                   , 27       , 18       , 1       , 18       , 1       , RESTART ON SAME CPU      ,                
72477                , 8859                , 27       , 18       , 1       , 18       , 1       , PREEMPTED                ,                
72492                , 15                  , 27       , 18       , 1       , 18       , 1       , RESTART ON SAME CPU      ,                
102461               , 29969               , 27       , 18       , 1       , 18       , 1       , PREEMPTED                ,                
102476               , 14                  , 27       , 18       , 1       , 18       , 1       , RESTART ON SAME CPU      ,                
178851               , 76375               , 27       , 18       , 1       , 18       , 1       , PREEMPTED                ,                
178894               , 9                   , 27       , 18       , 1       , 2        , 1       , CPU MIGRATION            ,                
178900               , 6                   , 27       , 18       , 1       , 18       , 1       , RESTART ON SAME CPU      ,                
184399               , 5498                , 27       , 18       , 1       , 18       , 1       , SLEEPING ON              , cond var       
184409               , 10                  , 27       , 18       , 1       , 18       , 1       , PREEMPTED                ,                
184456               , 7                   , 31       , 18       , 1       , 10       , 2       , CPU MIGRATION            ,                
184461               , 4                   , 31       , 18       , 1       , 18       , 1       , RESTART ON SAME CPU      ,                
184484               , 22                  , 31       , 18       , 1       , 18       , 1       , SLEEPING ON              , cond var       
184491               , 7                   , 31       , 18       , 1       , 18       , 1       , PREEMPTED                ,                
184896               , 487                 , 27       , 18       , 1       , 18       , 1       , RESTART ON SAME CPU      ,                
184932               , 35                  , 27       , 18       , 1       , 18       , 1       , SLEEPING ON              , cond var       
184940               , 7                   , 27       , 18       , 1       , 18       , 1       , PREEMPTED                ,                
185134               , 702                 , 1        , 18       , 1       , 23       , 1       , CPU MIGRATION            ,                
185139               , 5                   , 1        , 18       , 1       , 18       , 1       , RESTART ON SAME CPU      ,                
185264               , 124                 , 1        , 18       , 1       , 18       , 1       , SLEEPING ON              , cond var       
185275               , 10                  , 1        , 18       , 1       , 18       , 1       , PREEMPTED                ,                
187173               , 1897                , 1        , 18       , 1       , 18       , 1       , RESTART ON SAME CPU      ,                
187230               , 57                  , 1        , 18       , 1       , 18       , 1       , SLEEPING ON              , cond var       
187238               , 7                   , 1        , 18       , 1       , 18       , 1       , PREEMPTED                ,                
187367               , 128                 , 1        , 18       , 1       , 18       , 1       , RESTART ON SAME CPU      ,                
187402               , 35                  , 1        , 18       , 1       , 18       , 1       , SLEEPING ON              , shuttle        
187415               , 12                  , 1        , 18       , 1       , 18       , 1       , PREEMPTED                ,                
187525               , 110                 , 1        , 18       , 1       , 18       , 1       , RESTART ON SAME CPU      ,                
187549               , 23                  , 1        , 18       , 1       , 18       , 1       , SLEEPING ON              , shuttle        
187561               , 11                  , 1        , 18       , 1       , 18       , 1       , PREEMPTED                ,                
187610               , 49                  , 1        , 18       , 1       , 18       , 1       , RESTART ON SAME CPU      ,                
188066               , 455                 , 1        , 18       , 1       , 18       , 1       , SLEEPING ON              , cond var       
188090               , 24                  , 1        , 18       , 1       , 18       , 1       , PREEMPTED                ,                
188097               , 3126                , 19       , 18       , 1       , 22       , 1       , CPU MIGRATION            ,                
188103               , 5                   , 19       , 18       , 1       , 18       , 1       , RESTART ON SAME CPU      ,                
6933                 , 6933                , 5        , 19       , 1       , 19       , 1       , CREATE                   ,                
6939                 , 6                   , 5        , 19       , 1       , 19       , 1       , RESTART ON SAME CPU      ,                
6956                 , 16                  , 5        , 19       , 1       , 19       , 1       , SLEEPING ON              , cond var       
6965                 , 9                   , 5        , 19       , 1       , 19       , 1       , PREEMPTED                ,                
7680                 , 7680                , 27       , 19       , 1       , 19       , 1       , CREATE                   ,                
7694                 , 13                  , 27       , 19       , 1       , 19       , 1       , RESTART ON SAME CPU      ,                
7740                 , 46                  , 27       , 19       , 1       , 19       , 1       , SLEEPING ON              , cond var       
7749                 , 9                   , 27       , 19       , 1       , 19       , 1       , PREEMPTED                ,                
7857                 , 107                 , 27       , 19       , 1       , 19       , 1       , RESTART ON SAME CPU      ,                
7881                 , 24                  , 27       , 19       , 1       , 19       , 1       , SLEEPING ON              , cond var       
7922                 , 41                  , 27       , 19       , 1       , 19       , 1       , PREEMPTED                ,                
8272                 , 1307                , 5        , 19       , 1       , 19       , 1       , RESTART ON SAME CPU      ,                
184400               , 176127              , 5        , 19       , 1       , 19       , 1       , SLEEPING ON              , cond var       
184411               , 11                  , 5        , 19       , 1       , 19       , 1       , PREEMPTED                ,                
184935               , 523                 , 5        , 19       , 1       , 19       , 1       , RESTART ON SAME CPU      ,                
184947               , 11                  , 5        , 19       , 1       , 19       , 1       , SLEEPING ON              , cond var       
184954               , 7                   , 5        , 19       , 1       , 19       , 1       , PREEMPTED                ,                
187978               , 3023                , 5        , 19       , 1       , 19       , 1       , RESTART ON SAME CPU      ,                
188107               , 129                 , 5        , 19       , 1       , 19       , 1       , EXIT                     ,                
6865                 , 6865                , 3        , 20       , 1       , 20       , 1       , CREATE                   ,                
6870                 , 5                   , 3        , 20       , 1       , 20       , 1       , RESTART ON SAME CPU      ,                
6938                 , 67                  , 3        , 20       , 1       , 20       , 1       , SLEEPING ON              , cond var       
6949                 , 11                  , 3        , 20       , 1       , 20       , 1       , PREEMPTED                ,                
6960                 , 6960                , 7        , 20       , 1       , 20       , 1       , CREATE                   ,                
6964                 , 4                   , 7        , 20       , 1       , 20       , 1       , RESTART ON SAME CPU      ,                
6985                 , 20                  , 7        , 20       , 1       , 20       , 1       , SLEEPING ON              , cond var       
6990                 , 5                   , 7        , 20       , 1       , 20       , 1       , PREEMPTED                ,                
7011                 , 7011                , 9        , 20       , 1       , 20       , 1       , CREATE                   ,                
7015                 , 4                   , 9        , 20       , 1       , 20       , 1       , RESTART ON SAME CPU      ,                
7026                 , 10                  , 9        , 20       , 1       , 20       , 1       , SLEEPING ON              , cond var       
7031                 , 4                   , 9        , 20       , 1       , 20       , 1       , PREEMPTED                ,                
7052                 , 7052                , 11       , 20       , 1       , 20       , 1       , CREATE                   ,                
7057                 , 4                   , 11       , 20       , 1       , 20       , 1       , RESTART ON SAME CPU      ,                
7067                 , 10                  , 11       , 20       , 1       , 20       , 1       , SLEEPING ON              , cond var       
7073                 , 5                   , 11       , 20       , 1       , 20       , 1       , PREEMPTED                ,                
7092                 , 7092                , 13       , 20       , 1       , 20       , 1       , CREATE                   ,                
7097                 , 4                   , 13       , 20       , 1       , 20       , 1       , RESTART ON SAME CPU      ,                
7107                 , 10                  , 13       , 20       , 1       , 20       , 1       , SLEEPING ON              , cond var       
7112                 , 4                   , 13       , 20       , 1       , 20       , 1       , PREEMPTED                ,                
7136                 , 7136                , 15       , 20       , 1       , 20       , 1       , CREATE                   ,                
7140                 , 4                   , 15       , 20       , 1       , 20       , 1       , RESTART ON SAME CPU      ,                
7151                 , 10                  , 15       , 20       , 1       , 20       , 1       , SLEEPING ON              , cond var       
7157                 , 6                   , 15       , 20       , 1       , 20       , 1       , PREEMPTED                ,                
7179                 , 7179                , 17       , 20       , 1       , 20       , 1       , CREATE                   ,                
7184                 , 4                   , 17       , 20       , 1       , 20       , 1       , RESTART ON SAME CPU      ,                
7194                 , 10                  , 17       , 20       , 1       , 20       , 1       , SLEEPING ON              , cond var       
7199                 , 4                   , 17       , 20       , 1       , 20       , 1       , PREEMPTED                ,                
7219                 , 7219                , 19       , 20       , 1       , 20       , 1       , CREATE                   ,                
7224                 , 4                   , 19       , 20       , 1       , 20       , 1       , RESTART ON SAME CPU      ,                
7235                 , 11                  , 19       , 20       , 1       , 20       , 1       , SLEEPING ON              , cond var       
7254                 , 18                  , 19       , 20       , 1       , 20       , 1       , PREEMPTED                ,                
7274                 , 7274                , 21       , 20       , 1       , 20       , 1       , CREATE                   ,                
7277                 , 3                   , 21       , 20       , 1       , 20       , 1       , RESTART ON SAME CPU      ,                
7288                 , 10                  , 21       , 20       , 1       , 20       , 1       , SLEEPING ON              , cond var       
7294                 , 5                   , 21       , 20       , 1       , 20       , 1       , PREEMPTED                ,                
7325                 , 7325                , 23       , 20       , 1       , 20       , 1       , CREATE                   ,                
7330                 , 4                   , 23       , 20       , 1       , 20       , 1       , RESTART ON SAME CPU      ,                
7340                 , 10                  , 23       , 20       , 1       , 20       , 1       , SLEEPING ON              , cond var       
7346                 , 5                   , 23       , 20       , 1       , 20       , 1       , PREEMPTED                ,                
7365                 , 7365                , 25       , 20       , 1       , 20       , 1       , CREATE                   ,                
7369                 , 4                   , 25       , 20       , 1       , 20       , 1       , RESTART ON SAME CPU      ,                
7378                 , 9                   , 25       , 20       , 1       , 20       , 1       , SLEEPING ON              , cond var       
7384                 , 5                   , 25       , 20       , 1       , 20       , 1       , PREEMPTED                ,                
7428                 , 6                   , 1        , 20       , 1       , 21       , 1       , CPU MIGRATION            ,                
7436                 , 7                   , 1        , 20       , 1       , 20       , 1       , RESTART ON SAME CPU      ,                
7465                 , 29                  , 1        , 20       , 1       , 20       , 1       , SLEEPING ON              , kernel RW lock 
7478                 , 12                  , 1        , 20       , 1       , 20       , 1       , PREEMPTED                ,                
7529                 , 51                  , 1        , 20       , 1       , 20       , 1       , RESTART ON SAME CPU      ,                
7649                 , 119                 , 1        , 20       , 1       , 20       , 1       , SLEEPING ON              , kernel RW lock 
7664                 , 15                  , 1        , 20       , 1       , 20       , 1       , PREEMPTED                ,                
7723                 , 58                  , 1        , 20       , 1       , 20       , 1       , RESTART ON SAME CPU      ,                
7798                 , 75                  , 1        , 20       , 1       , 20       , 1       , SLEEPING ON              , kernel RW lock 
7816                 , 17                  , 1        , 20       , 1       , 20       , 1       , PREEMPTED                ,                
8236                 , 1287                , 3        , 20       , 1       , 20       , 1       , RESTART ON SAME CPU      ,                
184444               , 176207              , 3        , 20       , 1       , 20       , 1       , SLEEPING ON              , cond var       
184456               , 11                  , 3        , 20       , 1       , 20       , 1       , PREEMPTED                ,                
184771               , 315                 , 3        , 20       , 1       , 20       , 1       , RESTART ON SAME CPU      ,                
184787               , 16                  , 3        , 20       , 1       , 20       , 1       , SLEEPING ON              , cond var       
184795               , 7                   , 3        , 20       , 1       , 20       , 1       , PREEMPTED                ,                
185653               , 858                 , 3        , 20       , 1       , 20       , 1       , RESTART ON SAME CPU      ,                
185672               , 18                  , 3        , 20       , 1       , 20       , 1       , SLEEPING ON              , cond var       
185703               , 30                  , 3        , 20       , 1       , 20       , 1       , PREEMPTED                ,                
187971               , 2268                , 3        , 20       , 1       , 20       , 1       , RESTART ON SAME CPU      ,                
188248               , 276                 , 3        , 20       , 1       , 20       , 1       , EXIT                     ,                
2091                 , 641                 , 1        , 21       , 1       , 21       , 1       , RESTART ON SAME CPU      ,                
2122                 , 31                  , 1        , 21       , 1       , 21       , 1       , PREEMPTED                ,                
2153                 , 30                  , 1        , 21       , 1       , 21       , 1       , RESTART ON SAME CPU      ,                
2457                 , 304                 , 1        , 21       , 1       , 21       , 1       , PREEMPTED                ,                
2570                 , 112                 , 1        , 21       , 1       , 21       , 1       , RESTART ON SAME CPU      ,                
2598                 , 27                  , 1        , 21       , 1       , 21       , 1       , PREEMPTED                ,                
2639                 , 41                  , 1        , 21       , 1       , 21       , 1       , RESTART ON SAME CPU      ,                
7402                 , 4763                , 1        , 21       , 1       , 21       , 1       , SLEEPING ON              , cond var       
7422                 , 19                  , 1        , 21       , 1       , 21       , 1       , PREEMPTED                ,                
9526                 , 1573                , 25       , 21       , 1       , 22       , 1       , CPU MIGRATION            ,                
9532                 , 6                   , 25       , 21       , 1       , 21       , 1       , RESTART ON SAME CPU      ,                
184402               , 174870              , 25       , 21       , 1       , 21       , 1       , SLEEPING ON              , cond var       
184413               , 10                  , 25       , 21       , 1       , 21       , 1       , PREEMPTED                ,                
184464               , 8                   , 7        , 21       , 1       , 4        , 1       , CPU MIGRATION            ,                
184470               , 6                   , 7        , 21       , 1       , 21       , 1       , RESTART ON SAME CPU      ,                
184491               , 20                  , 7        , 21       , 1       , 21       , 1       , SLEEPING ON              , cond var       
184498               , 7                   , 7        , 21       , 1       , 21       , 1       , PREEMPTED                ,                
184967               , 553                 , 25       , 21       , 1       , 21       , 1       , RESTART ON SAME CPU      ,                
184978               , 11                  , 25       , 21       , 1       , 21       , 1       , SLEEPING ON              , cond var       
184986               , 7                   , 25       , 21       , 1       , 21       , 1       , PREEMPTED                ,                
185293               , 794                 , 7        , 21       , 1       , 21       , 1       , RESTART ON SAME CPU      ,                
185312               , 19                  , 7        , 21       , 1       , 21       , 1       , SLEEPING ON              , cond var       
185319               , 7                   , 7        , 21       , 1       , 21       , 1       , PREEMPTED                ,                
187987               , 2667                , 7        , 21       , 1       , 21       , 1       , RESTART ON SAME CPU      ,                
7926                 , 542                 , 25       , 22       , 1       , 20       , 1       , CPU MIGRATION            ,                
7932                 , 5                   , 25       , 22       , 1       , 22       , 1       , RESTART ON SAME CPU      ,                
7945                 , 13                  , 25       , 22       , 1       , 22       , 1       , SLEEPING ON              , cond var       
7952                 , 7                   , 25       , 22       , 1       , 22       , 1       , PREEMPTED                ,                
9044                 , 1887                , 15       , 22       , 1       , 20       , 1       , CPU MIGRATION            ,                
9049                 , 5                   , 15       , 22       , 1       , 22       , 1       , RESTART ON SAME CPU      ,                
184428               , 175378              , 15       , 22       , 1       , 22       , 1       , SLEEPING ON              , cond var       
184436               , 8                   , 15       , 22       , 1       , 22       , 1       , PREEMPTED                ,                
184510               , 73                  , 15       , 22       , 1       , 22       , 1       , RESTART ON SAME CPU      ,                
184526               , 16                  , 15       , 22       , 1       , 22       , 1       , SLEEPING ON              , cond var       
184534               , 8                   , 15       , 22       , 1       , 22       , 1       , PREEMPTED                ,                
184949               , 537                 , 19       , 22       , 1       , 3        , 1       , CPU MIGRATION            ,                
184954               , 5                   , 19       , 22       , 1       , 22       , 1       , RESTART ON SAME CPU      ,                
184964               , 9                   , 19       , 22       , 1       , 22       , 1       , SLEEPING ON              , cond var       
184971               , 6                   , 19       , 22       , 1       , 22       , 1       , PREEMPTED                ,                
185405               , 870                 , 15       , 22       , 1       , 22       , 1       , RESTART ON SAME CPU      ,                
185448               , 43                  , 15       , 22       , 1       , 22       , 1       , SLEEPING ON              , cond var       
185457               , 8                   , 15       , 22       , 1       , 22       , 1       , PREEMPTED                ,                
188012               , 2554                , 15       , 22       , 1       , 22       , 1       , RESTART ON SAME CPU      ,                
9936                 , 1807                , 1        , 23       , 1       , 4        , 1       , CPU MIGRATION            ,                
9942                 , 6                   , 1        , 23       , 1       , 23       , 1       , RESTART ON SAME CPU      ,                
184422               , 174479              , 1        , 23       , 1       , 23       , 1       , SLEEPING ON              , cond var       
184432               , 9                   , 1        , 23       , 1       , 23       , 1       , PREEMPTED                ,                
188067               , 2757                , 31       , 23       , 1       , 2        , 1       , CPU MIGRATION            ,                
188082               , 15                  , 31       , 23       , 1       , 23       , 1       , RESTART ON SAME CPU      ,                
188177               , 94                  , 31       , 23       , 1       , 23       , 1       , EXIT                     ,                
7009                 , 79                  , 2        , 24       , 2       , 25       , 2       , CPU MIGRATION            ,                
7019                 , 9                   , 2        , 24       , 2       , 24       , 2       , RESTART ON SAME CPU      ,                
7031                 , 12                  , 2        , 24       , 2       , 24       , 2       , SLEEPING ON              , cond var       
7040                 , 9                   , 2        , 24       , 2       , 24       , 2       , PREEMPTED                ,                
8615                 , 1574                , 2        , 24       , 2       , 24       , 2       , RESTART ON SAME CPU      ,                
184446               , 175831              , 2        , 24       , 2       , 24       , 2       , SLEEPING ON              , cond var       
184455               , 8                   , 2        , 24       , 2       , 24       , 2       , PREEMPTED                ,                
184474               , 31                  , 18       , 24       , 2       , 25       , 2       , CPU MIGRATION            ,                
184479               , 5                   , 18       , 24       , 2       , 24       , 2       , RESTART ON SAME CPU      ,                
184493               , 13                  , 18       , 24       , 2       , 24       , 2       , SLEEPING ON              , cond var       
184502               , 8                   , 18       , 24       , 2       , 24       , 2       , PREEMPTED                ,                
185162               , 706                 , 2        , 24       , 2       , 24       , 2       , RESTART ON SAME CPU      ,                
185198               , 35                  , 2        , 24       , 2       , 24       , 2       , SLEEPING ON              , cond var       
185206               , 7                   , 2        , 24       , 2       , 24       , 2       , PREEMPTED                ,                
185323               , 821                 , 18       , 24       , 2       , 24       , 2       , RESTART ON SAME CPU      ,                
185369               , 45                  , 18       , 24       , 2       , 24       , 2       , SLEEPING ON              , cond var       
185378               , 8                   , 18       , 24       , 2       , 24       , 2       , PREEMPTED                ,                
187972               , 2766                , 2        , 24       , 2       , 24       , 2       , RESTART ON SAME CPU      ,                
6861                 , 6861                , 2        , 25       , 2       , 25       , 2       , CREATE                   ,                
6868                 , 7                   , 2        , 25       , 2       , 25       , 2       , RESTART ON SAME CPU      ,                
6906                 , 37                  , 2        , 25       , 2       , 25       , 2       , SLEEPING ON              , cond var       
6930                 , 23                  , 2        , 25       , 2       , 25       , 2       , PREEMPTED                ,                
7204                 , 7204                , 18       , 25       , 2       , 25       , 2       , CREATE                   ,                
7209                 , 4                   , 18       , 25       , 2       , 25       , 2       , RESTART ON SAME CPU      ,                
7222                 , 12                  , 18       , 25       , 2       , 25       , 2       , SLEEPING ON              , cond var       
7227                 , 5                   , 18       , 25       , 2       , 25       , 2       , PREEMPTED                ,                
7836                 , 7836                , 28       , 25       , 2       , 25       , 2       , CREATE                   ,                
7841                 , 5                   , 28       , 25       , 2       , 25       , 2       , RESTART ON SAME CPU      ,                
7865                 , 23                  , 28       , 25       , 2       , 25       , 2       , SLEEPING ON              , cond var       
7871                 , 6                   , 28       , 25       , 2       , 25       , 2       , PREEMPTED                ,                
9116                 , 1889                , 18       , 25       , 2       , 25       , 2       , RESTART ON SAME CPU      ,                
182465               , 173348              , 18       , 25       , 2       , 25       , 2       , PREEMPTED                ,                
182483               , 17                  , 18       , 25       , 2       , 25       , 2       , RESTART ON SAME CPU      ,                
184435               , 1951                , 18       , 25       , 2       , 25       , 2       , SLEEPING ON              , cond var       
184443               , 8                   , 18       , 25       , 2       , 25       , 2       , PREEMPTED                ,                
188039               , 2640                , 24       , 25       , 2       , 9        , 2       , CPU MIGRATION            ,                
188060               , 21                  , 24       , 25       , 2       , 25       , 2       , RESTART ON SAME CPU      ,                
188221               , 160                 , 24       , 25       , 2       , 25       , 2       , EXIT                     ,                
8998                 , 1849                , 14       , 26       , 2       , 29       , 2       , CPU MIGRATION            ,                
9004                 , 6                   , 14       , 26       , 2       , 26       , 2       , RESTART ON SAME CPU      ,                
22460                , 13455               , 14       , 26       , 2       , 26       , 2       , PREEMPTED                ,                
22479                , 19                  , 14       , 26       , 2       , 26       , 2       , RESTART ON SAME CPU      ,                
184403               , 161924              , 14       , 26       , 2       , 26       , 2       , SLEEPING ON              , cond var       
184415               , 11                  , 14       , 26       , 2       , 26       , 2       , PREEMPTED                ,                
184992               , 576                 , 14       , 26       , 2       , 26       , 2       , RESTART ON SAME CPU      ,                
185038               , 46                  , 14       , 26       , 2       , 26       , 2       , SLEEPING ON              , cond var       
185047               , 8                   , 14       , 26       , 2       , 26       , 2       , PREEMPTED                ,                
188010               , 2963                , 14       , 26       , 2       , 26       , 2       , RESTART ON SAME CPU      ,                
7000                 , 7000                , 8        , 27       , 2       , 27       , 2       , CREATE                   ,                
7006                 , 5                   , 8        , 27       , 2       , 27       , 2       , RESTART ON SAME CPU      ,                
7023                 , 17                  , 8        , 27       , 2       , 27       , 2       , SLEEPING ON              , cond var       
7033                 , 9                   , 8        , 27       , 2       , 27       , 2       , PREEMPTED                ,                
7351                 , 7351                , 24       , 27       , 2       , 27       , 2       , CREATE                   ,                
7355                 , 4                   , 24       , 27       , 2       , 27       , 2       , RESTART ON SAME CPU      ,                
7374                 , 18                  , 24       , 27       , 2       , 27       , 2       , SLEEPING ON              , kernel RW lock 
7382                 , 7                   , 24       , 27       , 2       , 27       , 2       , PREEMPTED                ,                
7397                 , 15                  , 24       , 27       , 2       , 27       , 2       , RESTART ON SAME CPU      ,                
7519                 , 122                 , 24       , 27       , 2       , 27       , 2       , SLEEPING ON              , kernel RW lock 
7529                 , 10                  , 24       , 27       , 2       , 27       , 2       , PREEMPTED                ,                
7558                 , 28                  , 24       , 27       , 2       , 27       , 2       , RESTART ON SAME CPU      ,                
7701                 , 143                 , 24       , 27       , 2       , 27       , 2       , SLEEPING ON              , kernel RW lock 
7710                 , 8                   , 24       , 27       , 2       , 27       , 2       , PREEMPTED                ,                
7757                 , 46                  , 24       , 27       , 2       , 27       , 2       , RESTART ON SAME CPU      ,                
7843                 , 86                  , 24       , 27       , 2       , 27       , 2       , SLEEPING ON              , cond var       
7851                 , 7                   , 24       , 27       , 2       , 27       , 2       , PREEMPTED                ,                
8411                 , 1378                , 8        , 27       , 2       , 27       , 2       , RESTART ON SAME CPU      ,                
154661               , 146249              , 8        , 27       , 2       , 27       , 2       , PREEMPTED                ,                
158028               , 3366                , 8        , 27       , 2       , 27       , 2       , RESTART ON SAME CPU      ,                
184421               , 26393               , 8        , 27       , 2       , 27       , 2       , SLEEPING ON              , cond var       
184430               , 9                   , 8        , 27       , 2       , 27       , 2       , PREEMPTED                ,                
184649               , 218                 , 8        , 27       , 2       , 27       , 2       , RESTART ON SAME CPU      ,                
184697               , 48                  , 8        , 27       , 2       , 27       , 2       , SLEEPING ON              , cond var       
184705               , 7                   , 8        , 27       , 2       , 27       , 2       , PREEMPTED                ,                
185582               , 877                 , 8        , 27       , 2       , 27       , 2       , RESTART ON SAME CPU      ,                
185607               , 25                  , 8        , 27       , 2       , 27       , 2       , SLEEPING ON              , cond var       
185639               , 32                  , 8        , 27       , 2       , 27       , 2       , PREEMPTED                ,                
187986               , 2346                , 8        , 27       , 2       , 27       , 2       , RESTART ON SAME CPU      ,                
188370               , 384                 , 8        , 27       , 2       , 27       , 2       , EXIT                     ,                
7453                 , 7453                , 26       , 28       , 2       , 28       , 2       , CREATE                   ,                
7459                 , 6                   , 26       , 28       , 2       , 28       , 2       , RESTART ON SAME CPU      ,                
7486                 , 27                  , 26       , 28       , 2       , 28       , 2       , SLEEPING ON              , cond var       
7510                 , 23                  , 26       , 28       , 2       , 28       , 2       , PREEMPTED                ,                
7924                 , 414                 , 26       , 28       , 2       , 28       , 2       , RESTART ON SAME CPU      ,                
7938                 , 13                  , 26       , 28       , 2       , 28       , 2       , SLEEPING ON              , cond var       
7947                 , 9                   , 26       , 28       , 2       , 28       , 2       , PREEMPTED                ,                
9500                 , 1553                , 26       , 28       , 2       , 28       , 2       , RESTART ON SAME CPU      ,                
184414               , 174913              , 26       , 28       , 2       , 28       , 2       , SLEEPING ON              , cond var       
184426               , 12                  , 26       , 28       , 2       , 28       , 2       , PREEMPTED                ,                
184494               , 5                   , 22       , 28       , 2       , 15       , 2       , CPU MIGRATION            ,                
184500               , 5                   , 22       , 28       , 2       , 28       , 2       , RESTART ON SAME CPU      ,                
184509               , 8                   , 22       , 28       , 2       , 28       , 2       , SLEEPING ON              , cond var       
184516               , 7                   , 22       , 28       , 2       , 28       , 2       , PREEMPTED                ,                
185072               , 646                 , 26       , 28       , 2       , 28       , 2       , RESTART ON SAME CPU      ,                
185085               , 12                  , 26       , 28       , 2       , 28       , 2       , SLEEPING ON              , cond var       
185093               , 7                   , 26       , 28       , 2       , 28       , 2       , PREEMPTED                ,                
188060               , 2967                , 26       , 28       , 2       , 28       , 2       , RESTART ON SAME CPU      ,                
188322               , 261                 , 26       , 28       , 2       , 28       , 2       , EXIT                     ,                
9965                 , 1714                , 32       , 30       , 2       , 29       , 2       , CPU MIGRATION            ,                
9971                 , 6                   , 32       , 30       , 2       , 30       , 2       , RESTART ON SAME CPU      ,                
142460               , 132488              , 32       , 30       , 2       , 30       , 2       , PREEMPTED                ,                
142478               , 18                  , 32       , 30       , 2       , 30       , 2       , RESTART ON SAME CPU      ,                
184397               , 41918               , 32       , 30       , 2       , 30       , 2       , SLEEPING ON              , cond var       
184411               , 13                  , 32       , 30       , 2       , 30       , 2       , PREEMPTED                ,                
188030               , 2639                , 20       , 30       , 2       , 14       , 2       , CPU MIGRATION            ,                
188045               , 14                  , 20       , 30       , 2       , 30       , 2       , RESTART ON SAME CPU      ,                
188341               , 296                 , 20       , 30       , 2       , 30       , 2       , EXIT                     ,                
6946                 , 6946                , 4        , 31       , 2       , 31       , 2       , CREATE                   ,                
6951                 , 4                   , 4        , 31       , 2       , 31       , 2       , RESTART ON SAME CPU      ,                
6968                 , 17                  , 4        , 31       , 2       , 31       , 2       , SLEEPING ON              , cond var       
6990                 , 21                  , 4        , 31       , 2       , 31       , 2       , PREEMPTED                ,                
7260                 , 7260                , 20       , 31       , 2       , 31       , 2       , CREATE                   ,                
7264                 , 3                   , 20       , 31       , 2       , 31       , 2       , RESTART ON SAME CPU      ,                
7276                 , 12                  , 20       , 31       , 2       , 31       , 2       , SLEEPING ON              , cond var       
7283                 , 6                   , 20       , 31       , 2       , 31       , 2       , PREEMPTED                ,                
8317                 , 1327                , 4        , 31       , 2       , 31       , 2       , RESTART ON SAME CPU      ,                
184459               , 176142              , 4        , 31       , 2       , 31       , 2       , SLEEPING ON              , cond var       
184469               , 9                   , 4        , 31       , 2       , 31       , 2       , PREEMPTED                ,                
185240               , 770                 , 4        , 31       , 2       , 31       , 2       , RESTART ON SAME CPU      ,                
185251               , 11                  , 4        , 31       , 2       , 31       , 2       , SLEEPING ON              , cond var       
185259               , 7                   , 4        , 31       , 2       , 31       , 2       , PREEMPTED                ,                
187977               , 2718                , 4        , 31       , 2       , 31       , 2       , RESTART ON SAME CPU      ,                
188359               , 382                 , 4        , 31       , 2       , 31       , 2       , EXIT                     ,                
7122                 , 7122                , 14       , 29       , 2       , 29       , 2       , CREATE                   ,                
7127                 , 4                   , 14       , 29       , 2       , 29       , 2       , RESTART ON SAME CPU      ,                
7140                 , 13                  , 14       , 29       , 2       , 29       , 2       , SLEEPING ON              , cond var       
7148                 , 7                   , 14       , 29       , 2       , 29       , 2       , PREEMPTED                ,                
8156                 , 8156                , 32       , 29       , 2       , 29       , 2       , CREATE                   ,                
8161                 , 5                   , 32       , 29       , 2       , 29       , 2       , RESTART ON SAME CPU      ,                
8234                 , 72                  , 32       , 29       , 2       , 29       , 2       , SLEEPING ON              , cond var       
8251                 , 16                  , 32       , 29       , 2       , 29       , 2       , PREEMPTED                ,                
9241                 , 1904                , 22       , 29       , 2       , 13       , 2       , CPU MIGRATION            ,                
9248                 , 6                   , 22       , 29       , 2       , 29       , 2       , RESTART ON SAME CPU      ,                
184443               , 175195              , 22       , 29       , 2       , 29       , 2       , SLEEPING ON              , cond var       
184455               , 11                  , 22       , 29       , 2       , 29       , 2       , PREEMPTED                ,                
184550               , 6                   , 22       , 29       , 2       , 13       , 2       , CPU MIGRATION            ,                
184555               , 4                   , 22       , 29       , 2       , 29       , 2       , RESTART ON SAME CPU      ,                
184577               , 22                  , 22       , 29       , 2       , 29       , 2       , SLEEPING ON              , cond var       
184584               , 7                   , 22       , 29       , 2       , 29       , 2       , PREEMPTED                ,                
185506               , 922                 , 22       , 29       , 2       , 29       , 2       , RESTART ON SAME CPU      ,                
185518               , 11                  , 22       , 29       , 2       , 29       , 2       , SLEEPING ON              , cond var       
185525               , 7                   , 22       , 29       , 2       , 29       , 2       , PREEMPTED                ,                
188037               , 2512                , 22       , 29       , 2       , 29       , 2       , RESTART ON SAME CPU      ,                
188191               , 153                 , 22       , 29       , 2       , 29       , 2       , EXIT                     ,                
188438               ,                     , 1        , 29       , 2       ,          ,         , END                      ,                
